date,runs,successful_runs,partial_runs,failed_runs,uptime_pct,steps,passed_steps,failed_steps,step_uptime_pct,incident_count,count_drop_count,self_healed_count,high_volume_count
2026-07-04,0,0,0,0,,0,0,0,,10,0,0,0
2026-07-06,0,0,0,0,,0,0,0,,5,1,4,0
2026-07-07,0,0,0,0,,0,0,0,,3,1,1,0
2026-07-08,0,0,0,0,,0,0,0,,2,0,0,0
2026-07-09,0,0,0,0,,0,0,0,,2,0,2,0
2026-07-10,0,0,0,0,,0,0,0,,2,1,1,0
2026-07-11,0,0,0,0,,0,0,0,,4,2,0,0
2026-07-12,0,0,0,0,,0,0,0,,3,1,2,0
2026-07-13,0,0,0,0,,0,0,0,,27,0,2,1
2026-07-14,0,0,0,0,,0,0,0,,2,2,0,0
2026-07-15,0,0,0,0,,0,0,0,,8,2,0,0
2026-07-16,0,0,0,0,,0,0,0,,1,0,1,0
2026-07-17,0,0,0,0,,0,0,0,,4,2,2,0
2026-07-18,0,0,0,0,,0,0,0,,6,5,1,0
2026-07-19,0,0,0,0,,0,0,0,,4,0,4,0
2026-07-20,0,0,0,0,,0,0,0,,1,0,1,0
2026-07-21,0,0,0,0,,0,0,0,,4,1,2,1
2026-07-22,2,2,0,0,100.0,52,52,0,100.0,3,0,2,1
2026-07-23,6,5,0,1,83.33,155,154,1,99.35,5,1,0,1
2026-07-24,6,6,0,0,100.0,156,156,0,100.0,7,1,5,0
2026-07-25,6,6,0,0,100.0,156,156,0,100.0,0,0,0,0
2026-07-26,6,6,0,0,100.0,156,156,0,100.0,1,0,1,0
2026-07-27,6,6,0,0,100.0,156,156,0,100.0,1,0,1,0
2026-07-28,6,5,0,1,83.33,156,155,1,99.36,18,0,1,1
2026-07-29,7,5,0,2,71.43,182,179,3,98.35,32,1,1,0
2026-07-30,6,6,0,0,100.0,156,156,0,100.0,2,0,2,0
2026-07-31,6,6,0,0,100.0,156,156,0,100.0,1,0,1,0
2026-08-01,5,5,0,0,100.0,130,130,0,100.0,3,0,3,0
2026-08-02,4,4,0,0,100.0,104,104,0,100.0,0,0,0,0
2026-08-03,6,5,0,1,83.33,154,130,24,84.42,25,0,1,0
2026-08-04,6,6,0,0,100.0,156,156,0,100.0,0,0,0,0
2026-08-05,4,1,1,2,50.0,100,100,0,100.0,0,0,0,0
2026-08-06,6,4,2,0,100.0,148,148,0,100.0,1,1,0,0
2026-08-07,4,4,0,0,100.0,96,96,0,100.0,2,1,1,0
2026-08-08,3,3,0,0,100.0,72,72,0,100.0,0,0,0,0
2026-08-09,6,6,0,0,100.0,144,144,0,100.0,0,0,0,0
2026-08-10,5,5,0,0,100.0,130,130,0,100.0,1,0,1,0
2026-08-11,6,6,0,0,100.0,156,156,0,100.0,1,1,0,0
2026-08-12,5,5,0,0,100.0,129,129,0,100.0,1,0,1,0
2026-08-13,6,6,0,0,100.0,156,156,0,100.0,1,1,0,0
2026-08-14,8,5,0,0,62.5,136,136,0,100.0,8,3,4,0
2026-08-15,3,3,0,0,100.0,78,78,0,100.0,6,1,5,0
2026-08-16,3,2,0,0,66.67,62,62,0,100.0,5,0,5,0
2026-08-17,2,1,0,0,50.0,28,28,0,100.0,7,0,6,1
2026-08-18,2,2,0,0,100.0,52,52,0,100.0,11,3,8,0
2026-08-19,2,2,0,0,100.0,52,52,0,100.0,10,1,9,0
2026-08-20,2,2,0,0,100.0,54,52,2,96.3,23,0,6,0
2026-08-21,2,2,0,0,100.0,52,52,0,100.0,4,0,4,0
2026-08-24,1,1,0,0,100.0,27,26,1,96.3,18,0,1,1
2026-08-25,1,1,0,0,100.0,26,26,0,100.0,2,0,2,0
2026-08-26,1,1,0,0,100.0,26,26,0,100.0,5,0,5,0
2026-08-27,2,2,0,0,100.0,53,52,1,98.11,8,0,5,0
