date,runs,successful_runs,partial_runs,failed_runs,uptime_pct,steps,passed_steps,failed_steps,step_uptime_pct,incident_count,count_drop_count,self_healed_count,high_volume_count
2026-06-22,0,0,0,0,,0,0,0,,1,0,0,0
2026-06-23,0,0,0,0,,0,0,0,,42,8,1,1
2026-06-24,0,0,0,0,,0,0,0,,5,3,2,0
2026-06-25,0,0,0,0,,0,0,0,,1,0,1,0
2026-06-26,0,0,0,0,,0,0,0,,6,1,5,0
2026-06-27,0,0,0,0,,0,0,0,,8,3,5,0
2026-06-28,0,0,0,0,,0,0,0,,12,0,0,0
2026-06-29,0,0,0,0,,0,0,0,,1,0,1,0
2026-06-30,0,0,0,0,,0,0,0,,1,0,1,0
2026-07-01,0,0,0,0,,0,0,0,,3,1,2,0
2026-07-02,0,0,0,0,,0,0,0,,8,4,4,0
2026-07-03,0,0,0,0,,0,0,0,,2,1,1,0
2026-07-04,0,0,0,0,,0,0,0,,13,0,1,0
2026-07-06,0,0,0,0,,0,0,0,,5,1,4,0
2026-07-07,0,0,0,0,,0,0,0,,3,1,1,0
2026-07-08,0,0,0,0,,0,0,0,,2,0,0,0
2026-07-09,0,0,0,0,,0,0,0,,2,0,2,0
2026-07-10,0,0,0,0,,0,0,0,,2,1,1,0
2026-07-11,0,0,0,0,,0,0,0,,4,2,0,0
2026-07-12,0,0,0,0,,0,0,0,,3,1,2,0
2026-07-13,0,0,0,0,,0,0,0,,27,0,2,1
2026-07-14,0,0,0,0,,0,0,0,,2,2,0,0
2026-07-15,0,0,0,0,,0,0,0,,8,2,0,0
2026-07-16,0,0,0,0,,0,0,0,,1,0,1,0
2026-07-17,0,0,0,0,,0,0,0,,4,2,2,0
2026-07-18,0,0,0,0,,0,0,0,,6,5,1,0
2026-07-19,0,0,0,0,,0,0,0,,4,0,4,0
2026-07-20,0,0,0,0,,0,0,0,,1,0,1,0
2026-07-21,0,0,0,0,,0,0,0,,4,1,2,1
2026-07-22,2,2,0,0,100.0,52,52,0,100.0,3,0,2,1
2026-07-23,4,3,0,1,75.0,104,103,1,99.04,4,0,0,1
