run_id,run_date,started_at,finished_at,pipeline_status,account,script,status,exit_code,timestamp,error
2026-07-22T19:00:01,2026-07-22,2026-07-22T19:00:01.881525,2026-07-22T19:24:31.167808,success,Associated Cab,ac_pull.py,pass,0,2026-07-22T19:09:19.507429,
2026-07-22T19:00:01,2026-07-22,2026-07-22T19:00:01.881525,2026-07-22T19:24:31.167808,success,Blueline,bl_pull.py,pass,0,2026-07-22T19:12:37.031429,
2026-07-22T19:00:01,2026-07-22,2026-07-22T19:00:01.881525,2026-07-22T19:24:31.167808,success,Britelift,britelift_pull.py,pass,0,2026-07-22T19:02:09.408219,
2026-07-22T19:00:01,2026-07-22,2026-07-22T19:00:01.881525,2026-07-22T19:24:31.167808,success,Britelift Chat,britelift_pull.py,pass,0,2026-07-22T19:02:30.982412,
2026-07-22T19:00:01,2026-07-22,2026-07-22T19:00:01.881525,2026-07-22T19:24:31.167808,success,Build,dashboard.py,pass,0,2026-07-22T19:23:53.216152,
2026-07-22T19:00:01,2026-07-22,2026-07-22T19:00:01.881525,2026-07-22T19:24:31.167808,success,C&H,ch_pull.py,pass,0,2026-07-22T19:07:03.825276,
2026-07-22T19:00:01,2026-07-22,2026-07-22T19:00:01.881525,2026-07-22T19:24:31.167808,success,Circle Taxi,ct_pull.py,pass,0,2026-07-22T19:10:16.293380,
2026-07-22T19:00:01,2026-07-22,2026-07-22T19:00:01.881525,2026-07-22T19:24:31.167808,success,Coaching,asana_pull.py,pass,0,2026-07-22T19:00:40.560788,
2026-07-22T19:00:01,2026-07-22,2026-07-22T19:00:01.881525,2026-07-22T19:24:31.167808,success,DMG,dmg_pull.py,pass,0,2026-07-22T19:01:18.032816,
2026-07-22T19:00:01,2026-07-22,2026-07-22T19:00:01.881525,2026-07-22T19:24:31.167808,success,Data Carz,dc_pull.py,pass,0,2026-07-22T19:08:44.122086,
2026-07-22T19:00:01,2026-07-22,2026-07-22T19:00:01.881525,2026-07-22T19:24:31.167808,success,Git Push,git push,pass,0,2026-07-22T19:24:13.106229,
2026-07-22T19:00:01,2026-07-22,2026-07-22T19:00:01.881525,2026-07-22T19:24:31.167808,success,Hamilton,Hamilton_pull.py,pass,0,2026-07-22T19:03:56.526093,
2026-07-22T19:00:01,2026-07-22,2026-07-22T19:00:01.881525,2026-07-22T19:24:31.167808,success,Kelowna,kel_pull.py,pass,0,2026-07-22T19:11:14.575833,
2026-07-22T19:00:01,2026-07-22,2026-07-22T19:00:01.881525,2026-07-22T19:24:31.167808,success,M7,m7_pull.py,pass,0,2026-07-22T19:01:01.208905,
2026-07-22T19:00:01,2026-07-22,2026-07-22T19:00:01.881525,2026-07-22T19:24:31.167808,success,Masterlist,masterlist_fetch.py,pass,0,2026-07-22T19:00:16.932209,
2026-07-22T19:00:01,2026-07-22,2026-07-22T19:00:01.881525,2026-07-22T19:24:31.167808,success,Ollies,ol_pull.py,pass,0,2026-07-22T19:09:49.190991,
2026-07-22T19:00:01,2026-07-22,2026-07-22T19:00:01.881525,2026-07-22T19:24:31.167808,success,Parentis Health,parentis_pull.py,pass,0,2026-07-22T19:01:51.280891,
2026-07-22T19:00:01,2026-07-22,2026-07-22T19:00:01.881525,2026-07-22T19:24:31.167808,success,R4H,r4h_pull.py,pass,0,2026-07-22T19:01:34.005091,
2026-07-22T19:00:01,2026-07-22,2026-07-22T19:00:01.881525,2026-07-22T19:24:31.167808,success,Reno Cab,rc_pull.py,pass,0,2026-07-22T19:07:40.272659,
2026-07-22T19:00:01,2026-07-22,2026-07-22T19:00:01.881525,2026-07-22T19:24:31.167808,success,RideX,Ridex_pull.py,pass,0,2026-07-22T19:03:16.325448,
2026-07-22T19:00:01,2026-07-22,2026-07-22T19:00:01.881525,2026-07-22T19:24:31.167808,success,Skyline,Skyline_pull.py,pass,0,2026-07-22T19:05:53.033658,
2026-07-22T19:00:01,2026-07-22,2026-07-22T19:00:01.881525,2026-07-22T19:24:31.167808,success,Trans Iowa,ti_pull.py,pass,0,2026-07-22T19:08:03.068200,
2026-07-22T19:00:01,2026-07-22,2026-07-22T19:00:01.881525,2026-07-22T19:24:31.167808,success,VIP,vip_pull.py,pass,0,2026-07-22T19:06:40.719412,
2026-07-22T19:00:01,2026-07-22,2026-07-22T19:00:01.881525,2026-07-22T19:24:31.167808,success,Vermont,vt_pull.py,pass,0,2026-07-22T19:11:38.782958,
2026-07-22T19:00:01,2026-07-22,2026-07-22T19:00:01.881525,2026-07-22T19:24:31.167808,success,YCDC,ycdc_pull.py,pass,0,2026-07-22T19:12:12.160314,
2026-07-22T19:00:01,2026-07-22,2026-07-22T19:00:01.881525,2026-07-22T19:24:31.167808,success,YCOV,ycov_pull.py,pass,0,2026-07-22T19:10:42.123915,
2026-07-22T22:00:02,2026-07-22,2026-07-22T22:00:02.317025,2026-07-23T02:15:32.482360,success,Associated Cab,ac_pull.py,pass,0,2026-07-22T22:14:46.859278,
2026-07-22T22:00:02,2026-07-22,2026-07-22T22:00:02.317025,2026-07-23T02:15:32.482360,success,Blueline,bl_pull.py,pass,0,2026-07-22T22:19:48.672261,
2026-07-22T22:00:02,2026-07-22,2026-07-22T22:00:02.317025,2026-07-23T02:15:32.482360,success,Britelift,britelift_pull.py,pass,0,2026-07-22T22:02:21.550360,
2026-07-22T22:00:02,2026-07-22,2026-07-22T22:00:02.317025,2026-07-23T02:15:32.482360,success,Britelift Chat,britelift_pull.py,pass,0,2026-07-22T22:02:41.751745,
2026-07-22T22:00:02,2026-07-22,2026-07-22T22:00:02.317025,2026-07-23T02:15:32.482360,success,Build,dashboard.py,pass,0,2026-07-23T02:15:32.482360,
2026-07-22T22:00:02,2026-07-22,2026-07-22T22:00:02.317025,2026-07-23T02:15:32.482360,success,C&H,ch_pull.py,pass,0,2026-07-22T22:11:41.246340,
2026-07-22T22:00:02,2026-07-22,2026-07-22T22:00:02.317025,2026-07-23T02:15:32.482360,success,Circle Taxi,ct_pull.py,pass,0,2026-07-22T22:16:12.196733,
2026-07-22T22:00:02,2026-07-22,2026-07-22T22:00:02.317025,2026-07-23T02:15:32.482360,success,Coaching,asana_pull.py,pass,0,2026-07-22T22:00:42.170009,
2026-07-22T22:00:02,2026-07-22,2026-07-22T22:00:02.317025,2026-07-23T02:15:32.482360,success,DMG,dmg_pull.py,pass,0,2026-07-22T22:01:21.656791,
2026-07-22T22:00:02,2026-07-22,2026-07-22T22:00:02.317025,2026-07-23T02:15:32.482360,success,Data Carz,dc_pull.py,pass,0,2026-07-22T22:14:06.572252,
2026-07-22T22:00:02,2026-07-22,2026-07-22T22:00:02.317025,2026-07-23T02:15:32.482360,success,Git Push,git push,pass,0,2026-07-22T22:36:55.537448,
2026-07-22T22:00:02,2026-07-22,2026-07-22T22:00:02.317025,2026-07-23T02:15:32.482360,success,Hamilton,Hamilton_pull.py,pass,0,2026-07-22T22:03:46.807968,
2026-07-22T22:00:02,2026-07-22,2026-07-22T22:00:02.317025,2026-07-23T02:15:32.482360,success,Kelowna,kel_pull.py,pass,0,2026-07-22T22:17:50.496825,
2026-07-22T22:00:02,2026-07-22,2026-07-22T22:00:02.317025,2026-07-23T02:15:32.482360,success,M7,m7_pull.py,pass,0,2026-07-22T22:01:04.330742,
2026-07-22T22:00:02,2026-07-22,2026-07-22T22:00:02.317025,2026-07-23T02:15:32.482360,success,Masterlist,masterlist_fetch.py,pass,0,2026-07-22T22:00:18.110654,
2026-07-22T22:00:02,2026-07-22,2026-07-22T22:00:02.317025,2026-07-23T02:15:32.482360,success,Ollies,ol_pull.py,pass,0,2026-07-22T22:15:35.558109,
2026-07-22T22:00:02,2026-07-22,2026-07-22T22:00:02.317025,2026-07-23T02:15:32.482360,success,Parentis Health,parentis_pull.py,pass,0,2026-07-22T22:01:57.108371,
2026-07-22T22:00:02,2026-07-22,2026-07-22T22:00:02.317025,2026-07-23T02:15:32.482360,success,R4H,r4h_pull.py,pass,0,2026-07-22T22:01:38.766147,
2026-07-22T22:00:02,2026-07-22,2026-07-22T22:00:02.317025,2026-07-23T02:15:32.482360,success,Reno Cab,rc_pull.py,pass,0,2026-07-22T22:12:45.751903,
2026-07-22T22:00:02,2026-07-22,2026-07-22T22:00:02.317025,2026-07-23T02:15:32.482360,success,RideX,Ridex_pull.py,pass,0,2026-07-22T22:02:59.858368,
2026-07-22T22:00:02,2026-07-22,2026-07-22T22:00:02.317025,2026-07-23T02:15:32.482360,success,Skyline,Skyline_pull.py,pass,0,2026-07-22T22:05:47.972183,
2026-07-22T22:00:02,2026-07-22,2026-07-22T22:00:02.317025,2026-07-23T02:15:32.482360,success,Trans Iowa,ti_pull.py,pass,0,2026-07-22T22:13:16.993255,
2026-07-22T22:00:02,2026-07-22,2026-07-22T22:00:02.317025,2026-07-23T02:15:32.482360,success,VIP,vip_pull.py,pass,0,2026-07-22T22:06:33.699034,
2026-07-22T22:00:02,2026-07-22,2026-07-22T22:00:02.317025,2026-07-23T02:15:32.482360,success,Vermont,vt_pull.py,pass,0,2026-07-22T22:18:33.772708,
2026-07-22T22:00:02,2026-07-22,2026-07-22T22:00:02.317025,2026-07-23T02:15:32.482360,success,YCDC,ycdc_pull.py,pass,0,2026-07-22T22:19:15.941131,
2026-07-22T22:00:02,2026-07-22,2026-07-22T22:00:02.317025,2026-07-23T02:15:32.482360,success,YCOV,ycov_pull.py,pass,0,2026-07-22T22:16:57.021278,
2026-07-23T03:00:01,2026-07-23,2026-07-23T03:00:01.767776,2026-07-23T03:21:28.626182,failed,Associated Cab,ac_pull.py,pass,0,2026-07-23T03:07:17.442217,
2026-07-23T03:00:01,2026-07-23,2026-07-23T03:00:01.767776,2026-07-23T03:21:28.626182,failed,Blueline,bl_pull.py,pass,0,2026-07-23T03:11:28.560459,
2026-07-23T03:00:01,2026-07-23,2026-07-23T03:00:01.767776,2026-07-23T03:21:28.626182,failed,Britelift,britelift_pull.py,pass,0,2026-07-23T03:01:50.377681,
2026-07-23T03:00:01,2026-07-23,2026-07-23T03:00:01.767776,2026-07-23T03:21:28.626182,failed,Britelift Chat,britelift_pull.py,pass,0,2026-07-23T03:02:07.665555,
2026-07-23T03:00:01,2026-07-23,2026-07-23T03:00:01.767776,2026-07-23T03:21:28.626182,failed,Build,dashboard.py,pass,0,2026-07-23T03:21:00.908120,
2026-07-23T03:00:01,2026-07-23,2026-07-23T03:00:01.767776,2026-07-23T03:21:28.626182,failed,C&H,ch_pull.py,pass,0,2026-07-23T03:05:26.619837,
2026-07-23T03:00:01,2026-07-23,2026-07-23T03:00:01.767776,2026-07-23T03:21:28.626182,failed,Circle Taxi,ct_pull.py,pass,0,2026-07-23T03:08:13.914865,
2026-07-23T03:00:01,2026-07-23,2026-07-23T03:00:01.767776,2026-07-23T03:21:28.626182,failed,Coaching,asana_pull.py,pass,0,2026-07-23T03:00:35.482511,
2026-07-23T03:00:01,2026-07-23,2026-07-23T03:00:01.767776,2026-07-23T03:21:28.626182,failed,DMG,dmg_pull.py,pass,0,2026-07-23T03:01:07.380935,
2026-07-23T03:00:01,2026-07-23,2026-07-23T03:00:01.767776,2026-07-23T03:21:28.626182,failed,Data Carz,dc_pull.py,pass,0,2026-07-23T03:06:46.267723,
2026-07-23T03:00:01,2026-07-23,2026-07-23T03:00:01.767776,2026-07-23T03:21:28.626182,failed,Git Push,git push,pass,0,2026-07-23T03:21:16.012230,
2026-07-23T03:00:01,2026-07-23,2026-07-23T03:00:01.767776,2026-07-23T03:21:28.626182,failed,Hamilton,Hamilton_pull.py,pass,0,2026-07-23T03:02:57.882237,
2026-07-23T03:00:01,2026-07-23,2026-07-23T03:00:01.767776,2026-07-23T03:21:28.626182,failed,Kelowna,kel_pull.py,pass,0,2026-07-23T03:09:07.663615,
2026-07-23T03:00:01,2026-07-23,2026-07-23T03:00:01.767776,2026-07-23T03:21:28.626182,failed,M7,m7_pull.py,pass,0,2026-07-23T03:00:52.510888,
2026-07-23T03:00:01,2026-07-23,2026-07-23T03:00:01.767776,2026-07-23T03:21:28.626182,failed,Masterlist,masterlist_fetch.py,pass,0,2026-07-23T03:00:15.919029,
2026-07-23T03:00:01,2026-07-23,2026-07-23T03:00:01.767776,2026-07-23T03:21:28.626182,failed,Ollies,ol_pull.py,pass,0,2026-07-23T03:07:46.788153,
2026-07-23T03:00:01,2026-07-23,2026-07-23T03:00:01.767776,2026-07-23T03:21:28.626182,failed,Parentis Health,parentis_pull.py,pass,0,2026-07-23T03:01:36.469745,
2026-07-23T03:00:01,2026-07-23,2026-07-23T03:00:01.767776,2026-07-23T03:21:28.626182,failed,R4H,r4h_pull.py,pass,0,2026-07-23T03:01:21.499806,
2026-07-23T03:00:01,2026-07-23,2026-07-23T03:00:01.767776,2026-07-23T03:21:28.626182,failed,Reno Cab,rc_pull.py,pass,0,2026-07-23T03:05:54.327868,
2026-07-23T03:00:01,2026-07-23,2026-07-23T03:00:01.767776,2026-07-23T03:21:28.626182,failed,RideX,Ridex_pull.py,pass,0,2026-07-23T03:02:22.004642,
2026-07-23T03:00:01,2026-07-23,2026-07-23T03:00:01.767776,2026-07-23T03:21:28.626182,failed,Skyline,Skyline_pull.py,pass,0,2026-07-23T03:04:33.808032,
2026-07-23T03:00:01,2026-07-23,2026-07-23T03:00:01.767776,2026-07-23T03:21:28.626182,failed,Trans Iowa,ti_pull.py,pass,0,2026-07-23T03:06:12.809293,
2026-07-23T03:00:01,2026-07-23,2026-07-23T03:00:01.767776,2026-07-23T03:21:28.626182,failed,VIP,vip_pull.py,pass,0,2026-07-23T03:05:09.586938,
2026-07-23T03:00:01,2026-07-23,2026-07-23T03:00:01.767776,2026-07-23T03:21:28.626182,failed,Vermont,vt_pull.py,pass,0,2026-07-23T03:09:36.940265,
2026-07-23T03:00:01,2026-07-23,2026-07-23T03:00:01.767776,2026-07-23T03:21:28.626182,failed,YCDC,ycdc_pull.py,fail,1,2026-07-23T03:11:06.288187,"    raise RuntimeError(
    ...<3 lines>...
    )
RuntimeError: YCDC source row count below safety floor: 88 < 2500. Existing RAW file was not overwritten."
2026-07-23T03:00:01,2026-07-23,2026-07-23T03:00:01.767776,2026-07-23T03:21:28.626182,failed,YCOV,ycov_pull.py,pass,0,2026-07-23T03:08:37.293464,
2026-07-23T06:00:01,2026-07-23,2026-07-23T06:00:01.925485,2026-07-23T06:21:52.847067,success,Associated Cab,ac_pull.py,pass,0,2026-07-23T06:07:59.082687,
2026-07-23T06:00:01,2026-07-23,2026-07-23T06:00:01.925485,2026-07-23T06:21:52.847067,success,Blueline,bl_pull.py,pass,0,2026-07-23T06:11:18.747912,
2026-07-23T06:00:01,2026-07-23,2026-07-23T06:00:01.925485,2026-07-23T06:21:52.847067,success,Britelift,britelift_pull.py,pass,0,2026-07-23T06:02:15.080672,
2026-07-23T06:00:01,2026-07-23,2026-07-23T06:00:01.925485,2026-07-23T06:21:52.847067,success,Britelift Chat,britelift_pull.py,pass,0,2026-07-23T06:02:31.098347,
2026-07-23T06:00:01,2026-07-23,2026-07-23T06:00:01.925485,2026-07-23T06:21:52.847067,success,Build,dashboard.py,pass,0,2026-07-23T06:21:25.866584,
2026-07-23T06:00:01,2026-07-23,2026-07-23T06:00:01.925485,2026-07-23T06:21:52.847067,success,C&H,ch_pull.py,pass,0,2026-07-23T06:05:58.400627,
2026-07-23T06:00:01,2026-07-23,2026-07-23T06:00:01.925485,2026-07-23T06:21:52.847067,success,Circle Taxi,ct_pull.py,pass,0,2026-07-23T06:08:56.598460,
2026-07-23T06:00:01,2026-07-23,2026-07-23T06:00:01.925485,2026-07-23T06:21:52.847067,success,Coaching,asana_pull.py,pass,0,2026-07-23T06:00:35.795205,
2026-07-23T06:00:01,2026-07-23,2026-07-23T06:00:01.925485,2026-07-23T06:21:52.847067,success,DMG,dmg_pull.py,pass,0,2026-07-23T06:01:23.041638,
2026-07-23T06:00:01,2026-07-23,2026-07-23T06:00:01.925485,2026-07-23T06:21:52.847067,success,Data Carz,dc_pull.py,pass,0,2026-07-23T06:07:25.769287,
2026-07-23T06:00:01,2026-07-23,2026-07-23T06:00:01.925485,2026-07-23T06:21:52.847067,success,Git Push,git push,pass,0,2026-07-23T06:21:40.844169,
2026-07-23T06:00:01,2026-07-23,2026-07-23T06:00:01.925485,2026-07-23T06:21:52.847067,success,Hamilton,Hamilton_pull.py,pass,0,2026-07-23T06:03:24.911567,
2026-07-23T06:00:01,2026-07-23,2026-07-23T06:00:01.925485,2026-07-23T06:21:52.847067,success,Kelowna,kel_pull.py,pass,0,2026-07-23T06:10:03.052870,
2026-07-23T06:00:01,2026-07-23,2026-07-23T06:00:01.925485,2026-07-23T06:21:52.847067,success,M7,m7_pull.py,pass,0,2026-07-23T06:00:53.027870,
2026-07-23T06:00:01,2026-07-23,2026-07-23T06:00:01.925485,2026-07-23T06:21:52.847067,success,Masterlist,masterlist_fetch.py,pass,0,2026-07-23T06:00:16.315033,
2026-07-23T06:00:01,2026-07-23,2026-07-23T06:00:01.925485,2026-07-23T06:21:52.847067,success,Ollies,ol_pull.py,pass,0,2026-07-23T06:08:30.213423,
2026-07-23T06:00:01,2026-07-23,2026-07-23T06:00:01.925485,2026-07-23T06:21:52.847067,success,Parentis Health,parentis_pull.py,pass,0,2026-07-23T06:01:57.812261,
2026-07-23T06:00:01,2026-07-23,2026-07-23T06:00:01.925485,2026-07-23T06:21:52.847067,success,R4H,r4h_pull.py,pass,0,2026-07-23T06:01:42.399529,
2026-07-23T06:00:01,2026-07-23,2026-07-23T06:00:01.925485,2026-07-23T06:21:52.847067,success,Reno Cab,rc_pull.py,pass,0,2026-07-23T06:06:28.515254,
2026-07-23T06:00:01,2026-07-23,2026-07-23T06:00:01.925485,2026-07-23T06:21:52.847067,success,RideX,Ridex_pull.py,pass,0,2026-07-23T06:02:47.041776,
2026-07-23T06:00:01,2026-07-23,2026-07-23T06:00:01.925485,2026-07-23T06:21:52.847067,success,Skyline,Skyline_pull.py,pass,0,2026-07-23T06:05:01.295934,
2026-07-23T06:00:01,2026-07-23,2026-07-23T06:00:01.925485,2026-07-23T06:21:52.847067,success,Trans Iowa,ti_pull.py,pass,0,2026-07-23T06:06:49.113130,
2026-07-23T06:00:01,2026-07-23,2026-07-23T06:00:01.925485,2026-07-23T06:21:52.847067,success,VIP,vip_pull.py,pass,0,2026-07-23T06:05:37.975287,
2026-07-23T06:00:01,2026-07-23,2026-07-23T06:00:01.925485,2026-07-23T06:21:52.847067,success,Vermont,vt_pull.py,pass,0,2026-07-23T06:10:24.517306,
2026-07-23T06:00:01,2026-07-23,2026-07-23T06:00:01.925485,2026-07-23T06:21:52.847067,success,YCDC,ycdc_pull.py,pass,0,2026-07-23T06:10:58.042069,
2026-07-23T06:00:01,2026-07-23,2026-07-23T06:00:01.925485,2026-07-23T06:21:52.847067,success,YCOV,ycov_pull.py,pass,0,2026-07-23T06:09:29.991914,
2026-07-23T11:00:02,2026-07-23,2026-07-23T11:00:02.078418,2026-07-23T11:27:39.468039,success,Associated Cab,ac_pull.py,pass,0,2026-07-23T11:10:42.396547,
2026-07-23T11:00:02,2026-07-23,2026-07-23T11:00:02.078418,2026-07-23T11:27:39.468039,success,Blueline,bl_pull.py,pass,0,2026-07-23T11:15:36.349879,
2026-07-23T11:00:02,2026-07-23,2026-07-23T11:00:02.078418,2026-07-23T11:27:39.468039,success,Britelift,britelift_pull.py,pass,0,2026-07-23T11:02:33.309216,
2026-07-23T11:00:02,2026-07-23,2026-07-23T11:00:02.078418,2026-07-23T11:27:39.468039,success,Britelift Chat,britelift_pull.py,pass,0,2026-07-23T11:02:53.922903,
2026-07-23T11:00:02,2026-07-23,2026-07-23T11:00:02.078418,2026-07-23T11:27:39.468039,success,Build,dashboard.py,pass,0,2026-07-23T11:27:12.297573,
2026-07-23T11:00:02,2026-07-23,2026-07-23T11:00:02.078418,2026-07-23T11:27:39.468039,success,C&H,ch_pull.py,pass,0,2026-07-23T11:07:58.054964,
2026-07-23T11:00:02,2026-07-23,2026-07-23T11:00:02.078418,2026-07-23T11:27:39.468039,success,Circle Taxi,ct_pull.py,pass,0,2026-07-23T11:11:59.790590,
2026-07-23T11:00:02,2026-07-23,2026-07-23T11:00:02.078418,2026-07-23T11:27:39.468039,success,Coaching,asana_pull.py,pass,0,2026-07-23T11:00:44.190371,
2026-07-23T11:00:02,2026-07-23,2026-07-23T11:00:02.078418,2026-07-23T11:27:39.468039,success,DMG,dmg_pull.py,pass,0,2026-07-23T11:01:28.493544,
2026-07-23T11:00:02,2026-07-23,2026-07-23T11:00:02.078418,2026-07-23T11:27:39.468039,success,Data Carz,dc_pull.py,pass,0,2026-07-23T11:09:59.602376,
2026-07-23T11:00:02,2026-07-23,2026-07-23T11:00:02.078418,2026-07-23T11:27:39.468039,success,Git Push,git push,pass,0,2026-07-23T11:27:29.981089,
2026-07-23T11:00:02,2026-07-23,2026-07-23T11:00:02.078418,2026-07-23T11:27:39.468039,success,Hamilton,Hamilton_pull.py,pass,0,2026-07-23T11:03:53.534310,
2026-07-23T11:00:02,2026-07-23,2026-07-23T11:00:02.078418,2026-07-23T11:27:39.468039,success,Kelowna,kel_pull.py,pass,0,2026-07-23T11:13:22.901475,
2026-07-23T11:00:02,2026-07-23,2026-07-23T11:00:02.078418,2026-07-23T11:27:39.468039,success,M7,m7_pull.py,pass,0,2026-07-23T11:01:06.389762,
2026-07-23T11:00:02,2026-07-23,2026-07-23T11:00:02.078418,2026-07-23T11:27:39.468039,success,Masterlist,masterlist_fetch.py,pass,0,2026-07-23T11:00:19.982716,
2026-07-23T11:00:02,2026-07-23,2026-07-23T11:00:02.078418,2026-07-23T11:27:39.468039,success,Ollies,ol_pull.py,pass,0,2026-07-23T11:11:26.854555,
2026-07-23T11:00:02,2026-07-23,2026-07-23T11:00:02.078418,2026-07-23T11:27:39.468039,success,Parentis Health,parentis_pull.py,pass,0,2026-07-23T11:02:13.184250,
2026-07-23T11:00:02,2026-07-23,2026-07-23T11:00:02.078418,2026-07-23T11:27:39.468039,success,R4H,r4h_pull.py,pass,0,2026-07-23T11:01:50.654137,
2026-07-23T11:00:02,2026-07-23,2026-07-23T11:00:02.078418,2026-07-23T11:27:39.468039,success,Reno Cab,rc_pull.py,pass,0,2026-07-23T11:08:47.449064,
2026-07-23T11:00:02,2026-07-23,2026-07-23T11:00:02.078418,2026-07-23T11:27:39.468039,success,RideX,Ridex_pull.py,pass,0,2026-07-23T11:03:12.053534,
2026-07-23T11:00:02,2026-07-23,2026-07-23T11:00:02.078418,2026-07-23T11:27:39.468039,success,Skyline,Skyline_pull.py,pass,0,2026-07-23T11:05:54.287975,
2026-07-23T11:00:02,2026-07-23,2026-07-23T11:00:02.078418,2026-07-23T11:27:39.468039,success,Trans Iowa,ti_pull.py,pass,0,2026-07-23T11:09:14.010986,
2026-07-23T11:00:02,2026-07-23,2026-07-23T11:00:02.078418,2026-07-23T11:27:39.468039,success,VIP,vip_pull.py,pass,0,2026-07-23T11:07:05.968872,
2026-07-23T11:00:02,2026-07-23,2026-07-23T11:00:02.078418,2026-07-23T11:27:39.468039,success,Vermont,vt_pull.py,pass,0,2026-07-23T11:13:54.185660,
2026-07-23T11:00:02,2026-07-23,2026-07-23T11:00:02.078418,2026-07-23T11:27:39.468039,success,YCDC,ycdc_pull.py,pass,0,2026-07-23T11:14:44.453993,
2026-07-23T11:00:02,2026-07-23,2026-07-23T11:00:02.078418,2026-07-23T11:27:39.468039,success,YCOV,ycov_pull.py,pass,0,2026-07-23T11:12:33.504764,
2026-07-23T15:00:02,2026-07-23,2026-07-23T15:00:02.229391,2026-07-23T15:56:57.465719,success,Associated Cab,ac_pull.py,pass,0,2026-07-23T15:13:40.239079,
2026-07-23T15:00:02,2026-07-23,2026-07-23T15:00:02.229391,2026-07-23T15:56:57.465719,success,Blueline,bl_pull.py,pass,0,2026-07-23T15:19:28.684011,
2026-07-23T15:00:02,2026-07-23,2026-07-23T15:00:02.229391,2026-07-23T15:56:57.465719,success,Britelift,britelift_pull.py,pass,0,2026-07-23T15:03:14.170795,
2026-07-23T15:00:02,2026-07-23,2026-07-23T15:00:02.229391,2026-07-23T15:56:57.465719,success,Britelift Chat,britelift_pull.py,pass,0,2026-07-23T15:03:33.188705,
2026-07-23T15:00:02,2026-07-23,2026-07-23T15:00:02.229391,2026-07-23T15:56:57.465719,success,Build,dashboard.py,pass,0,2026-07-23T15:56:57.465719,
2026-07-23T15:00:02,2026-07-23,2026-07-23T15:00:02.229391,2026-07-23T15:56:57.465719,success,C&H,ch_pull.py,pass,0,2026-07-23T15:08:25.263206,
2026-07-23T15:00:02,2026-07-23,2026-07-23T15:00:02.229391,2026-07-23T15:56:57.465719,success,Circle Taxi,ct_pull.py,pass,0,2026-07-23T15:15:16.899347,
2026-07-23T15:00:02,2026-07-23,2026-07-23T15:00:02.229391,2026-07-23T15:56:57.465719,success,Coaching,asana_pull.py,pass,0,2026-07-23T15:00:58.834597,
2026-07-23T15:00:02,2026-07-23,2026-07-23T15:00:02.229391,2026-07-23T15:56:57.465719,success,DMG,dmg_pull.py,pass,0,2026-07-23T15:02:02.810666,
2026-07-23T15:00:02,2026-07-23,2026-07-23T15:00:02.229391,2026-07-23T15:56:57.465719,success,Data Carz,dc_pull.py,pass,0,2026-07-23T15:12:43.318916,
2026-07-23T15:00:02,2026-07-23,2026-07-23T15:00:02.229391,2026-07-23T15:56:57.465719,success,Git Push,git push,pass,0,2026-07-23T15:35:28.609168,
2026-07-23T15:00:02,2026-07-23,2026-07-23T15:00:02.229391,2026-07-23T15:56:57.465719,success,Hamilton,Hamilton_pull.py,pass,0,2026-07-23T15:04:37.433306,
2026-07-23T15:00:02,2026-07-23,2026-07-23T15:00:02.229391,2026-07-23T15:56:57.465719,success,Kelowna,kel_pull.py,pass,0,2026-07-23T15:17:05.589083,
2026-07-23T15:00:02,2026-07-23,2026-07-23T15:00:02.229391,2026-07-23T15:56:57.465719,success,M7,m7_pull.py,pass,0,2026-07-23T15:01:33.224141,
2026-07-23T15:00:02,2026-07-23,2026-07-23T15:00:02.229391,2026-07-23T15:56:57.465719,success,Masterlist,masterlist_fetch.py,pass,0,2026-07-23T15:00:20.948793,
2026-07-23T15:00:02,2026-07-23,2026-07-23T15:00:02.229391,2026-07-23T15:56:57.465719,success,Ollies,ol_pull.py,pass,0,2026-07-23T15:14:28.332922,
2026-07-23T15:00:02,2026-07-23,2026-07-23T15:00:02.229391,2026-07-23T15:56:57.465719,success,Parentis Health,parentis_pull.py,pass,0,2026-07-23T15:02:56.693084,
2026-07-23T15:00:02,2026-07-23,2026-07-23T15:00:02.229391,2026-07-23T15:56:57.465719,success,R4H,r4h_pull.py,pass,0,2026-07-23T15:02:35.870118,
2026-07-23T15:00:02,2026-07-23,2026-07-23T15:00:02.229391,2026-07-23T15:56:57.465719,success,Reno Cab,rc_pull.py,pass,0,2026-07-23T15:09:17.622698,
2026-07-23T15:00:02,2026-07-23,2026-07-23T15:00:02.229391,2026-07-23T15:56:57.465719,success,RideX,Ridex_pull.py,pass,0,2026-07-23T15:03:52.281723,
2026-07-23T15:00:02,2026-07-23,2026-07-23T15:00:02.229391,2026-07-23T15:56:57.465719,success,Skyline,Skyline_pull.py,pass,0,2026-07-23T15:06:35.548722,
2026-07-23T15:00:02,2026-07-23,2026-07-23T15:00:02.229391,2026-07-23T15:56:57.465719,success,Trans Iowa,ti_pull.py,pass,0,2026-07-23T15:11:25.775048,
2026-07-23T15:00:02,2026-07-23,2026-07-23T15:00:02.229391,2026-07-23T15:56:57.465719,success,VIP,vip_pull.py,pass,0,2026-07-23T15:07:44.127567,
2026-07-23T15:00:02,2026-07-23,2026-07-23T15:00:02.229391,2026-07-23T15:56:57.465719,success,Vermont,vt_pull.py,pass,0,2026-07-23T15:17:44.892115,
2026-07-23T15:00:02,2026-07-23,2026-07-23T15:00:02.229391,2026-07-23T15:56:57.465719,success,YCDC,ycdc_pull.py,pass,0,2026-07-23T15:18:43.944231,
2026-07-23T15:00:02,2026-07-23,2026-07-23T15:00:02.229391,2026-07-23T15:56:57.465719,success,YCOV,ycov_pull.py,pass,0,2026-07-23T15:16:01.141608,
2026-07-23T19:00:02,2026-07-23,2026-07-23T19:00:02.373321,2026-07-23T19:33:22.171672,success,Associated Cab,ac_pull.py,pass,0,2026-07-23T19:13:10.774008,
2026-07-23T19:00:02,2026-07-23,2026-07-23T19:00:02.373321,2026-07-23T19:33:22.171672,success,Blueline,bl_pull.py,pass,0,2026-07-23T19:17:50.995725,
2026-07-23T19:00:02,2026-07-23,2026-07-23T19:00:02.373321,2026-07-23T19:33:22.171672,success,Britelift,britelift_pull.py,pass,0,2026-07-23T19:04:47.772400,
2026-07-23T19:00:02,2026-07-23,2026-07-23T19:00:02.373321,2026-07-23T19:33:22.171672,success,Britelift Chat,britelift_pull.py,pass,0,2026-07-23T19:05:22.757120,
2026-07-23T19:00:02,2026-07-23,2026-07-23T19:00:02.373321,2026-07-23T19:33:22.171672,success,Build,dashboard.py,pass,0,2026-07-23T19:32:35.027769,
2026-07-23T19:00:02,2026-07-23,2026-07-23T19:00:02.373321,2026-07-23T19:33:22.171672,success,C&H,ch_pull.py,pass,0,2026-07-23T19:10:25.518470,
2026-07-23T19:00:02,2026-07-23,2026-07-23T19:00:02.373321,2026-07-23T19:33:22.171672,success,Circle Taxi,ct_pull.py,pass,0,2026-07-23T19:14:27.299428,
2026-07-23T19:00:02,2026-07-23,2026-07-23T19:00:02.373321,2026-07-23T19:33:22.171672,success,Coaching,asana_pull.py,pass,0,2026-07-23T19:00:54.768792,
2026-07-23T19:00:02,2026-07-23,2026-07-23T19:00:02.373321,2026-07-23T19:33:22.171672,success,DMG,dmg_pull.py,pass,0,2026-07-23T19:03:40.274264,
2026-07-23T19:00:02,2026-07-23,2026-07-23T19:00:02.373321,2026-07-23T19:33:22.171672,success,Data Carz,dc_pull.py,pass,0,2026-07-23T19:12:26.488756,
2026-07-23T19:00:02,2026-07-23,2026-07-23T19:00:02.373321,2026-07-23T19:33:22.171672,success,Git Push,git push,pass,0,2026-07-23T19:32:54.599694,
2026-07-23T19:00:02,2026-07-23,2026-07-23T19:00:02.373321,2026-07-23T19:33:22.171672,success,Hamilton,Hamilton_pull.py,pass,0,2026-07-23T19:06:50.167497,
2026-07-23T19:00:02,2026-07-23,2026-07-23T19:00:02.373321,2026-07-23T19:33:22.171672,success,Kelowna,kel_pull.py,pass,0,2026-07-23T19:15:47.206196,
2026-07-23T19:00:02,2026-07-23,2026-07-23T19:00:02.373321,2026-07-23T19:33:22.171672,success,M7,m7_pull.py,pass,0,2026-07-23T19:03:15.779582,
2026-07-23T19:00:02,2026-07-23,2026-07-23T19:00:02.373321,2026-07-23T19:33:22.171672,success,Masterlist,masterlist_fetch.py,pass,0,2026-07-23T19:00:20.227408,
2026-07-23T19:00:02,2026-07-23,2026-07-23T19:00:02.373321,2026-07-23T19:33:22.171672,success,Ollies,ol_pull.py,pass,0,2026-07-23T19:13:47.480071,
2026-07-23T19:00:02,2026-07-23,2026-07-23T19:00:02.373321,2026-07-23T19:33:22.171672,success,Parentis Health,parentis_pull.py,pass,0,2026-07-23T19:04:24.002080,
2026-07-23T19:00:02,2026-07-23,2026-07-23T19:00:02.373321,2026-07-23T19:33:22.171672,success,R4H,r4h_pull.py,pass,0,2026-07-23T19:04:03.099107,
2026-07-23T19:00:02,2026-07-23,2026-07-23T19:00:02.373321,2026-07-23T19:33:22.171672,success,Reno Cab,rc_pull.py,pass,0,2026-07-23T19:11:21.656890,
2026-07-23T19:00:02,2026-07-23,2026-07-23T19:00:02.373321,2026-07-23T19:33:22.171672,success,RideX,Ridex_pull.py,pass,0,2026-07-23T19:05:52.638186,
2026-07-23T19:00:02,2026-07-23,2026-07-23T19:00:02.373321,2026-07-23T19:33:22.171672,success,Skyline,Skyline_pull.py,pass,0,2026-07-23T19:09:15.713375,
2026-07-23T19:00:02,2026-07-23,2026-07-23T19:00:02.373321,2026-07-23T19:33:22.171672,success,Trans Iowa,ti_pull.py,pass,0,2026-07-23T19:11:45.341309,
2026-07-23T19:00:02,2026-07-23,2026-07-23T19:00:02.373321,2026-07-23T19:33:22.171672,success,VIP,vip_pull.py,pass,0,2026-07-23T19:10:02.590455,
2026-07-23T19:00:02,2026-07-23,2026-07-23T19:00:02.373321,2026-07-23T19:33:22.171672,success,Vermont,vt_pull.py,pass,0,2026-07-23T19:16:33.043508,
2026-07-23T19:00:02,2026-07-23,2026-07-23T19:00:02.373321,2026-07-23T19:33:22.171672,success,YCDC,ycdc_pull.py,pass,0,2026-07-23T19:17:14.926610,
2026-07-23T19:00:02,2026-07-23,2026-07-23T19:00:02.373321,2026-07-23T19:33:22.171672,success,YCOV,ycov_pull.py,pass,0,2026-07-23T19:14:58.154728,
2026-07-23T22:00:03,2026-07-23,2026-07-23T22:00:03.918820,2026-07-23T22:30:36.778900,success,Associated Cab,ac_pull.py,pass,0,2026-07-23T22:10:14.977450,
2026-07-23T22:00:03,2026-07-23,2026-07-23T22:00:03.918820,2026-07-23T22:30:36.778900,success,Blueline,bl_pull.py,pass,0,2026-07-23T22:14:54.176784,
2026-07-23T22:00:03,2026-07-23,2026-07-23T22:00:03.918820,2026-07-23T22:30:36.778900,success,Britelift,britelift_pull.py,pass,0,2026-07-23T22:03:13.906665,
2026-07-23T22:00:03,2026-07-23,2026-07-23T22:00:03.918820,2026-07-23T22:30:36.778900,success,Britelift Chat,britelift_pull.py,pass,0,2026-07-23T22:03:33.863216,
2026-07-23T22:00:03,2026-07-23,2026-07-23T22:00:03.918820,2026-07-23T22:30:36.778900,success,Build,dashboard.py,pass,0,2026-07-23T22:30:36.778900,
2026-07-23T22:00:03,2026-07-23,2026-07-23T22:00:03.918820,2026-07-23T22:30:36.778900,success,C&H,ch_pull.py,pass,0,2026-07-23T22:07:54.378309,
2026-07-23T22:00:03,2026-07-23,2026-07-23T22:00:03.918820,2026-07-23T22:30:36.778900,success,Circle Taxi,ct_pull.py,pass,0,2026-07-23T22:11:35.545428,
2026-07-23T22:00:03,2026-07-23,2026-07-23T22:00:03.918820,2026-07-23T22:30:36.778900,success,Coaching,asana_pull.py,pass,0,2026-07-23T22:01:21.358721,
2026-07-23T22:00:03,2026-07-23,2026-07-23T22:00:03.918820,2026-07-23T22:30:36.778900,success,DMG,dmg_pull.py,pass,0,2026-07-23T22:02:09.652788,
2026-07-23T22:00:03,2026-07-23,2026-07-23T22:00:03.918820,2026-07-23T22:30:36.778900,success,Data Carz,dc_pull.py,pass,0,2026-07-23T22:09:34.835602,
2026-07-23T22:00:03,2026-07-23,2026-07-23T22:00:03.918820,2026-07-23T22:30:36.778900,success,Hamilton,Hamilton_pull.py,pass,0,2026-07-23T22:04:35.621410,
2026-07-23T22:00:03,2026-07-23,2026-07-23T22:00:03.918820,2026-07-23T22:30:36.778900,success,Kelowna,kel_pull.py,pass,0,2026-07-23T22:13:09.973184,
2026-07-23T22:00:03,2026-07-23,2026-07-23T22:00:03.918820,2026-07-23T22:30:36.778900,success,M7,m7_pull.py,pass,0,2026-07-23T22:01:45.084364,
2026-07-23T22:00:03,2026-07-23,2026-07-23T22:00:03.918820,2026-07-23T22:30:36.778900,success,Masterlist,masterlist_fetch.py,pass,0,2026-07-23T22:00:29.365114,
2026-07-23T22:00:03,2026-07-23,2026-07-23T22:00:03.918820,2026-07-23T22:30:36.778900,success,Ollies,ol_pull.py,pass,0,2026-07-23T22:11:02.570454,
2026-07-23T22:00:03,2026-07-23,2026-07-23T22:00:03.918820,2026-07-23T22:30:36.778900,success,Parentis Health,parentis_pull.py,pass,0,2026-07-23T22:02:51.014961,
2026-07-23T22:00:03,2026-07-23,2026-07-23T22:00:03.918820,2026-07-23T22:30:36.778900,success,R4H,r4h_pull.py,pass,0,2026-07-23T22:02:31.721154,
2026-07-23T22:00:03,2026-07-23,2026-07-23T22:00:03.918820,2026-07-23T22:30:36.778900,success,Reno Cab,rc_pull.py,pass,0,2026-07-23T22:08:33.905783,
2026-07-23T22:00:03,2026-07-23,2026-07-23T22:00:03.918820,2026-07-23T22:30:36.778900,success,RideX,Ridex_pull.py,pass,0,2026-07-23T22:03:51.496161,
2026-07-23T22:00:03,2026-07-23,2026-07-23T22:00:03.918820,2026-07-23T22:30:36.778900,success,Skyline,Skyline_pull.py,pass,0,2026-07-23T22:06:49.269390,
2026-07-23T22:00:03,2026-07-23,2026-07-23T22:00:03.918820,2026-07-23T22:30:36.778900,success,Trans Iowa,ti_pull.py,pass,0,2026-07-23T22:08:54.863761,
2026-07-23T22:00:03,2026-07-23,2026-07-23T22:00:03.918820,2026-07-23T22:30:36.778900,success,VIP,vip_pull.py,pass,0,2026-07-23T22:07:28.727825,
2026-07-23T22:00:03,2026-07-23,2026-07-23T22:00:03.918820,2026-07-23T22:30:36.778900,success,Vermont,vt_pull.py,pass,0,2026-07-23T22:13:40.872680,
2026-07-23T22:00:03,2026-07-23,2026-07-23T22:00:03.918820,2026-07-23T22:30:36.778900,success,YCDC,ycdc_pull.py,pass,0,2026-07-23T22:14:27.604070,
2026-07-23T22:00:03,2026-07-23,2026-07-23T22:00:03.918820,2026-07-23T22:30:36.778900,success,YCOV,ycov_pull.py,pass,0,2026-07-23T22:12:07.322552,
2026-07-24T03:00:03,2026-07-24,2026-07-24T03:00:03.257973,2026-07-24T03:25:40.134502,success,Associated Cab,ac_pull.py,pass,0,2026-07-24T03:09:09.681873,
2026-07-24T03:00:03,2026-07-24,2026-07-24T03:00:03.257973,2026-07-24T03:25:40.134502,success,Blueline,bl_pull.py,pass,0,2026-07-24T03:13:13.481425,
2026-07-24T03:00:03,2026-07-24,2026-07-24T03:00:03.257973,2026-07-24T03:25:40.134502,success,Britelift,britelift_pull.py,pass,0,2026-07-24T03:02:25.806813,
2026-07-24T03:00:03,2026-07-24,2026-07-24T03:00:03.257973,2026-07-24T03:25:40.134502,success,Britelift Chat,britelift_pull.py,pass,0,2026-07-24T03:02:44.840413,
2026-07-24T03:00:03,2026-07-24,2026-07-24T03:00:03.257973,2026-07-24T03:25:40.134502,success,Build,dashboard.py,pass,0,2026-07-24T03:25:09.839809,
2026-07-24T03:00:03,2026-07-24,2026-07-24T03:00:03.257973,2026-07-24T03:25:40.134502,success,C&H,ch_pull.py,pass,0,2026-07-24T03:06:54.733214,
2026-07-24T03:00:03,2026-07-24,2026-07-24T03:00:03.257973,2026-07-24T03:25:40.134502,success,Circle Taxi,ct_pull.py,pass,0,2026-07-24T03:10:15.058146,
2026-07-24T03:00:03,2026-07-24,2026-07-24T03:00:03.257973,2026-07-24T03:25:40.134502,success,Coaching,asana_pull.py,pass,0,2026-07-24T03:00:46.521949,
2026-07-24T03:00:03,2026-07-24,2026-07-24T03:00:03.257973,2026-07-24T03:25:40.134502,success,DMG,dmg_pull.py,pass,0,2026-07-24T03:01:29.101488,
2026-07-24T03:00:03,2026-07-24,2026-07-24T03:00:03.257973,2026-07-24T03:25:40.134502,success,Data Carz,dc_pull.py,pass,0,2026-07-24T03:08:34.587912,
2026-07-24T03:00:03,2026-07-24,2026-07-24T03:00:03.257973,2026-07-24T03:25:40.134502,success,Git Push,git push,pass,0,2026-07-24T03:25:24.918700,
2026-07-24T03:00:03,2026-07-24,2026-07-24T03:00:03.257973,2026-07-24T03:25:40.134502,success,Hamilton,Hamilton_pull.py,pass,0,2026-07-24T03:03:44.651533,
2026-07-24T03:00:03,2026-07-24,2026-07-24T03:00:03.257973,2026-07-24T03:25:40.134502,success,Kelowna,kel_pull.py,pass,0,2026-07-24T03:11:31.608009,
2026-07-24T03:00:03,2026-07-24,2026-07-24T03:00:03.257973,2026-07-24T03:25:40.134502,success,M7,m7_pull.py,pass,0,2026-07-24T03:01:10.148238,
2026-07-24T03:00:03,2026-07-24,2026-07-24T03:00:03.257973,2026-07-24T03:25:40.134502,success,Masterlist,masterlist_fetch.py,pass,0,2026-07-24T03:00:22.613454,
2026-07-24T03:00:03,2026-07-24,2026-07-24T03:00:03.257973,2026-07-24T03:25:40.134502,success,Ollies,ol_pull.py,pass,0,2026-07-24T03:09:45.014328,
2026-07-24T03:00:03,2026-07-24,2026-07-24T03:00:03.257973,2026-07-24T03:25:40.134502,success,Parentis Health,parentis_pull.py,pass,0,2026-07-24T03:02:07.966684,
2026-07-24T03:00:03,2026-07-24,2026-07-24T03:00:03.257973,2026-07-24T03:25:40.134502,success,R4H,r4h_pull.py,pass,0,2026-07-24T03:01:48.086680,
2026-07-24T03:00:03,2026-07-24,2026-07-24T03:00:03.257973,2026-07-24T03:25:40.134502,success,Reno Cab,rc_pull.py,pass,0,2026-07-24T03:07:31.250377,
2026-07-24T03:00:03,2026-07-24,2026-07-24T03:00:03.257973,2026-07-24T03:25:40.134502,success,RideX,Ridex_pull.py,pass,0,2026-07-24T03:03:04.415143,
2026-07-24T03:00:03,2026-07-24,2026-07-24T03:00:03.257973,2026-07-24T03:25:40.134502,success,Skyline,Skyline_pull.py,pass,0,2026-07-24T03:05:47.088846,
2026-07-24T03:00:03,2026-07-24,2026-07-24T03:00:03.257973,2026-07-24T03:25:40.134502,success,Trans Iowa,ti_pull.py,pass,0,2026-07-24T03:07:56.157601,
2026-07-24T03:00:03,2026-07-24,2026-07-24T03:00:03.257973,2026-07-24T03:25:40.134502,success,VIP,vip_pull.py,pass,0,2026-07-24T03:06:34.175541,
2026-07-24T03:00:03,2026-07-24,2026-07-24T03:00:03.257973,2026-07-24T03:25:40.134502,success,Vermont,vt_pull.py,pass,0,2026-07-24T03:12:02.391338,
2026-07-24T03:00:03,2026-07-24,2026-07-24T03:00:03.257973,2026-07-24T03:25:40.134502,success,YCDC,ycdc_pull.py,pass,0,2026-07-24T03:12:40.810470,
2026-07-24T03:00:03,2026-07-24,2026-07-24T03:00:03.257973,2026-07-24T03:25:40.134502,success,YCOV,ycov_pull.py,pass,0,2026-07-24T03:10:49.577724,
2026-07-24T06:00:03,2026-07-24,2026-07-24T06:00:03.931051,2026-07-24T06:25:02.474514,success,Associated Cab,ac_pull.py,pass,0,2026-07-24T06:09:11.863552,
2026-07-24T06:00:03,2026-07-24,2026-07-24T06:00:03.931051,2026-07-24T06:25:02.474514,success,Blueline,bl_pull.py,pass,0,2026-07-24T06:12:49.593181,
2026-07-24T06:00:03,2026-07-24,2026-07-24T06:00:03.931051,2026-07-24T06:25:02.474514,success,Britelift,britelift_pull.py,pass,0,2026-07-24T06:02:20.372651,
2026-07-24T06:00:03,2026-07-24,2026-07-24T06:00:03.931051,2026-07-24T06:25:02.474514,success,Britelift Chat,britelift_pull.py,pass,0,2026-07-24T06:02:38.160288,
2026-07-24T06:00:03,2026-07-24,2026-07-24T06:00:03.931051,2026-07-24T06:25:02.474514,success,Build,dashboard.py,pass,0,2026-07-24T06:24:15.194734,
2026-07-24T06:00:03,2026-07-24,2026-07-24T06:00:03.931051,2026-07-24T06:25:02.474514,success,C&H,ch_pull.py,pass,0,2026-07-24T06:06:56.268848,
2026-07-24T06:00:03,2026-07-24,2026-07-24T06:00:03.931051,2026-07-24T06:25:02.474514,success,Circle Taxi,ct_pull.py,pass,0,2026-07-24T06:10:25.301315,
2026-07-24T06:00:03,2026-07-24,2026-07-24T06:00:03.931051,2026-07-24T06:25:02.474514,success,Coaching,asana_pull.py,pass,0,2026-07-24T06:00:46.763278,
2026-07-24T06:00:03,2026-07-24,2026-07-24T06:00:03.931051,2026-07-24T06:25:02.474514,success,DMG,dmg_pull.py,pass,0,2026-07-24T06:01:25.393207,
2026-07-24T06:00:03,2026-07-24,2026-07-24T06:00:03.931051,2026-07-24T06:25:02.474514,success,Data Carz,dc_pull.py,pass,0,2026-07-24T06:08:36.662871,
2026-07-24T06:00:03,2026-07-24,2026-07-24T06:00:03.931051,2026-07-24T06:25:02.474514,success,Git Push,git push,pass,0,2026-07-24T06:24:31.922038,
2026-07-24T06:00:03,2026-07-24,2026-07-24T06:00:03.931051,2026-07-24T06:25:02.474514,success,Hamilton,Hamilton_pull.py,pass,0,2026-07-24T06:03:40.864126,
2026-07-24T06:00:03,2026-07-24,2026-07-24T06:00:03.931051,2026-07-24T06:25:02.474514,success,Kelowna,kel_pull.py,pass,0,2026-07-24T06:11:21.074813,
2026-07-24T06:00:03,2026-07-24,2026-07-24T06:00:03.931051,2026-07-24T06:25:02.474514,success,M7,m7_pull.py,pass,0,2026-07-24T06:01:05.067621,
2026-07-24T06:00:03,2026-07-24,2026-07-24T06:00:03.931051,2026-07-24T06:25:02.474514,success,Masterlist,masterlist_fetch.py,pass,0,2026-07-24T06:00:21.368282,
2026-07-24T06:00:03,2026-07-24,2026-07-24T06:00:03.931051,2026-07-24T06:25:02.474514,success,Ollies,ol_pull.py,pass,0,2026-07-24T06:09:54.691266,
2026-07-24T06:00:03,2026-07-24,2026-07-24T06:00:03.931051,2026-07-24T06:25:02.474514,success,Parentis Health,parentis_pull.py,pass,0,2026-07-24T06:02:01.466396,
2026-07-24T06:00:03,2026-07-24,2026-07-24T06:00:03.931051,2026-07-24T06:25:02.474514,success,R4H,r4h_pull.py,pass,0,2026-07-24T06:01:42.691811,
2026-07-24T06:00:03,2026-07-24,2026-07-24T06:00:03.931051,2026-07-24T06:25:02.474514,success,Reno Cab,rc_pull.py,pass,0,2026-07-24T06:07:34.502543,
2026-07-24T06:00:03,2026-07-24,2026-07-24T06:00:03.931051,2026-07-24T06:25:02.474514,success,RideX,Ridex_pull.py,pass,0,2026-07-24T06:02:57.668164,
2026-07-24T06:00:03,2026-07-24,2026-07-24T06:00:03.931051,2026-07-24T06:25:02.474514,success,Skyline,Skyline_pull.py,pass,0,2026-07-24T06:05:42.413675,
2026-07-24T06:00:03,2026-07-24,2026-07-24T06:00:03.931051,2026-07-24T06:25:02.474514,success,Trans Iowa,ti_pull.py,pass,0,2026-07-24T06:08:01.226550,
2026-07-24T06:00:03,2026-07-24,2026-07-24T06:00:03.931051,2026-07-24T06:25:02.474514,success,VIP,vip_pull.py,pass,0,2026-07-24T06:06:30.636576,
2026-07-24T06:00:03,2026-07-24,2026-07-24T06:00:03.931051,2026-07-24T06:25:02.474514,success,Vermont,vt_pull.py,pass,0,2026-07-24T06:11:46.063114,
2026-07-24T06:00:03,2026-07-24,2026-07-24T06:00:03.931051,2026-07-24T06:25:02.474514,success,YCDC,ycdc_pull.py,pass,0,2026-07-24T06:12:22.481118,
2026-07-24T06:00:03,2026-07-24,2026-07-24T06:00:03.931051,2026-07-24T06:25:02.474514,success,YCOV,ycov_pull.py,pass,0,2026-07-24T06:10:54.149100,
2026-07-24T11:00:07,2026-07-24,2026-07-24T11:00:07.541282,2026-07-24T11:35:09.581576,success,Associated Cab,ac_pull.py,pass,0,2026-07-24T11:15:20.871113,
2026-07-24T11:00:07,2026-07-24,2026-07-24T11:00:07.541282,2026-07-24T11:35:09.581576,success,Blueline,bl_pull.py,pass,0,2026-07-24T11:20:34.967073,
2026-07-24T11:00:07,2026-07-24,2026-07-24T11:00:07.541282,2026-07-24T11:35:09.581576,success,Britelift,britelift_pull.py,pass,0,2026-07-24T11:03:38.970499,
2026-07-24T11:00:07,2026-07-24,2026-07-24T11:00:07.541282,2026-07-24T11:35:09.581576,success,Britelift Chat,britelift_pull.py,pass,0,2026-07-24T11:04:07.579811,
2026-07-24T11:00:07,2026-07-24,2026-07-24T11:00:07.541282,2026-07-24T11:35:09.581576,success,Build,dashboard.py,pass,0,2026-07-24T11:34:39.049584,
2026-07-24T11:00:07,2026-07-24,2026-07-24T11:00:07.541282,2026-07-24T11:35:09.581576,success,C&H,ch_pull.py,pass,0,2026-07-24T11:09:39.043156,
2026-07-24T11:00:07,2026-07-24,2026-07-24T11:00:07.541282,2026-07-24T11:35:09.581576,success,Circle Taxi,ct_pull.py,pass,0,2026-07-24T11:17:03.927790,
2026-07-24T11:00:07,2026-07-24,2026-07-24T11:00:07.541282,2026-07-24T11:35:09.581576,success,Coaching,asana_pull.py,pass,0,2026-07-24T11:01:05.763844,
2026-07-24T11:00:07,2026-07-24,2026-07-24T11:00:07.541282,2026-07-24T11:35:09.581576,success,DMG,dmg_pull.py,pass,0,2026-07-24T11:02:18.201165,
2026-07-24T11:00:07,2026-07-24,2026-07-24T11:00:07.541282,2026-07-24T11:35:09.581576,success,Data Carz,dc_pull.py,pass,0,2026-07-24T11:14:30.370088,
2026-07-24T11:00:07,2026-07-24,2026-07-24T11:00:07.541282,2026-07-24T11:35:09.581576,success,Git Push,git push,pass,0,2026-07-24T11:34:52.652641,
2026-07-24T11:00:07,2026-07-24,2026-07-24T11:00:07.541282,2026-07-24T11:35:09.581576,success,Hamilton,Hamilton_pull.py,pass,0,2026-07-24T11:05:33.651493,
2026-07-24T11:00:07,2026-07-24,2026-07-24T11:00:07.541282,2026-07-24T11:35:09.581576,success,Kelowna,kel_pull.py,pass,0,2026-07-24T11:18:46.972539,
2026-07-24T11:00:07,2026-07-24,2026-07-24T11:00:07.541282,2026-07-24T11:35:09.581576,success,M7,m7_pull.py,pass,0,2026-07-24T11:01:27.863261,
2026-07-24T11:00:07,2026-07-24,2026-07-24T11:00:07.541282,2026-07-24T11:35:09.581576,success,Masterlist,masterlist_fetch.py,pass,0,2026-07-24T11:00:22.107074,
2026-07-24T11:00:07,2026-07-24,2026-07-24T11:00:07.541282,2026-07-24T11:35:09.581576,success,Ollies,ol_pull.py,pass,0,2026-07-24T11:16:08.359460,
2026-07-24T11:00:07,2026-07-24,2026-07-24T11:00:07.541282,2026-07-24T11:35:09.581576,success,Parentis Health,parentis_pull.py,pass,0,2026-07-24T11:03:00.379919,
2026-07-24T11:00:07,2026-07-24,2026-07-24T11:00:07.541282,2026-07-24T11:35:09.581576,success,R4H,r4h_pull.py,pass,0,2026-07-24T11:02:40.340091,
2026-07-24T11:00:07,2026-07-24,2026-07-24T11:00:07.541282,2026-07-24T11:35:09.581576,success,Reno Cab,rc_pull.py,pass,0,2026-07-24T11:10:43.318439,
2026-07-24T11:00:07,2026-07-24,2026-07-24T11:00:07.541282,2026-07-24T11:35:09.581576,success,RideX,Ridex_pull.py,pass,0,2026-07-24T11:04:34.678070,
2026-07-24T11:00:07,2026-07-24,2026-07-24T11:00:07.541282,2026-07-24T11:35:09.581576,success,Skyline,Skyline_pull.py,pass,0,2026-07-24T11:08:20.302753,
2026-07-24T11:00:07,2026-07-24,2026-07-24T11:00:07.541282,2026-07-24T11:35:09.581576,success,Trans Iowa,ti_pull.py,pass,0,2026-07-24T11:11:14.413321,
2026-07-24T11:00:07,2026-07-24,2026-07-24T11:00:07.541282,2026-07-24T11:35:09.581576,success,VIP,vip_pull.py,pass,0,2026-07-24T11:09:09.202621,
2026-07-24T11:00:07,2026-07-24,2026-07-24T11:00:07.541282,2026-07-24T11:35:09.581576,success,Vermont,vt_pull.py,pass,0,2026-07-24T11:19:18.796919,
2026-07-24T11:00:07,2026-07-24,2026-07-24T11:00:07.541282,2026-07-24T11:35:09.581576,success,YCDC,ycdc_pull.py,pass,0,2026-07-24T11:19:55.393115,
2026-07-24T11:00:07,2026-07-24,2026-07-24T11:00:07.541282,2026-07-24T11:35:09.581576,success,YCOV,ycov_pull.py,pass,0,2026-07-24T11:17:52.344096,
2026-07-24T15:00:02,2026-07-24,2026-07-24T15:00:02.737219,2026-07-24T17:47:23,success,Associated Cab,ac_pull.py,pass,0,2026-07-24T15:09:02.705857,
2026-07-24T15:00:02,2026-07-24,2026-07-24T15:00:02.737219,2026-07-24T17:47:23,success,Blueline,bl_pull.py,pass,0,2026-07-24T15:13:06.064434,
2026-07-24T15:00:02,2026-07-24,2026-07-24T15:00:02.737219,2026-07-24T17:47:23,success,Britelift,britelift_pull.py,pass,0,2026-07-24T15:02:11.121115,
2026-07-24T15:00:02,2026-07-24,2026-07-24T15:00:02.737219,2026-07-24T17:47:23,success,Britelift Chat,britelift_pull.py,pass,0,2026-07-24T15:02:28.303669,
2026-07-24T15:00:02,2026-07-24,2026-07-24T15:00:02.737219,2026-07-24T17:47:23,success,Build,dashboard.py,pass,0,2026-07-24T16:45:30.791673,
2026-07-24T15:00:02,2026-07-24,2026-07-24T15:00:02.737219,2026-07-24T17:47:23,success,C&H,ch_pull.py,pass,0,2026-07-24T15:07:21.486070,
2026-07-24T15:00:02,2026-07-24,2026-07-24T15:00:02.737219,2026-07-24T17:47:23,success,Circle Taxi,ct_pull.py,pass,0,2026-07-24T15:09:47.330301,
2026-07-24T15:00:02,2026-07-24,2026-07-24T15:00:02.737219,2026-07-24T17:47:23,success,Coaching,asana_pull.py,pass,0,2026-07-24T15:00:37.329447,
2026-07-24T15:00:02,2026-07-24,2026-07-24T15:00:02.737219,2026-07-24T17:47:23,success,DMG,dmg_pull.py,pass,0,2026-07-24T15:01:10.456018,
2026-07-24T15:00:02,2026-07-24,2026-07-24T15:00:02.737219,2026-07-24T17:47:23,success,Data Carz,dc_pull.py,pass,0,2026-07-24T15:08:42.624110,
2026-07-24T15:00:02,2026-07-24,2026-07-24T15:00:02.737219,2026-07-24T17:47:23,success,Git Push,git push,pass,0,2026-07-24T15:25:14.733859,
2026-07-24T15:00:02,2026-07-24,2026-07-24T15:00:02.737219,2026-07-24T17:47:23,success,Hamilton,Hamilton_pull.py,pass,0,2026-07-24T15:03:25.368470,
2026-07-24T15:00:02,2026-07-24,2026-07-24T15:00:02.737219,2026-07-24T17:47:23,success,Kelowna,kel_pull.py,pass,0,2026-07-24T15:10:40.476157,
2026-07-24T15:00:02,2026-07-24,2026-07-24T15:00:02.737219,2026-07-24T17:47:23,success,M7,m7_pull.py,pass,0,2026-07-24T15:00:52.080041,
2026-07-24T15:00:02,2026-07-24,2026-07-24T15:00:02.737219,2026-07-24T17:47:23,success,Masterlist,masterlist_fetch.py,pass,0,2026-07-24T15:00:15.453368,
2026-07-24T15:00:02,2026-07-24,2026-07-24T15:00:02.737219,2026-07-24T17:47:23,success,Ollies,ol_pull.py,pass,0,2026-07-24T15:09:26.029191,
2026-07-24T15:00:02,2026-07-24,2026-07-24T15:00:02.737219,2026-07-24T17:47:23,success,Parentis Health,parentis_pull.py,pass,0,2026-07-24T15:01:51.220537,
2026-07-24T15:00:02,2026-07-24,2026-07-24T15:00:02.737219,2026-07-24T17:47:23,success,R4H,r4h_pull.py,pass,0,2026-07-24T15:01:35.305097,
2026-07-24T15:00:02,2026-07-24,2026-07-24T15:00:02.737219,2026-07-24T17:47:23,success,Reno Cab,rc_pull.py,pass,0,2026-07-24T15:07:53.847299,
2026-07-24T15:00:02,2026-07-24,2026-07-24T15:00:02.737219,2026-07-24T17:47:23,success,RideX,Ridex_pull.py,pass,0,2026-07-24T15:02:49.623668,
2026-07-24T15:00:02,2026-07-24,2026-07-24T15:00:02.737219,2026-07-24T17:47:23,success,Skyline,Skyline_pull.py,pass,0,2026-07-24T15:05:23.962677,
2026-07-24T15:00:02,2026-07-24,2026-07-24T15:00:02.737219,2026-07-24T17:47:23,success,Trans Iowa,ti_pull.py,pass,0,2026-07-24T15:08:10.304762,
2026-07-24T15:00:02,2026-07-24,2026-07-24T15:00:02.737219,2026-07-24T17:47:23,success,VIP,vip_pull.py,pass,0,2026-07-24T17:47:23,
2026-07-24T15:00:02,2026-07-24,2026-07-24T15:00:02.737219,2026-07-24T17:47:23,success,Vermont,vt_pull.py,pass,0,2026-07-24T15:10:59.340113,
2026-07-24T15:00:02,2026-07-24,2026-07-24T15:00:02.737219,2026-07-24T17:47:23,success,YCDC,ycdc_pull.py,pass,0,2026-07-24T17:47:23,
2026-07-24T15:00:02,2026-07-24,2026-07-24T15:00:02.737219,2026-07-24T17:47:23,success,YCOV,ycov_pull.py,pass,0,2026-07-24T15:10:10.115354,
